,Ev,Ebound,Emass,O,Te,Tr
0,1.665e-16,1.5139999999999998e-20,0.01261,,0.010118,0.008286
1,9.714e-17,4.689e-13,0.002614,2.270237229420149,0.023450000000000002,0.01853
2,1.207e-15,5.266e-12,0.0005707,2.195454673006345,0.053899999999999997,0.03929
3,9.59e-15,4.142e-14,0.0001047,2.446471120745642,0.12458,0.0803
4,7.924e-14,3.686e-13,3.507e-05,1.5779521065653581,0.35919999999999996,0.1905
