"L1(No), created by Plot Digitizer, 2.6.8"
"Date: 17.10.17, 15:08:05"


6
No,L1
5.99544,0.00987152,
11.0560,0.00914719,
20.9817,0.00706360,
40.9251,0.00481559,
81.0134,0.00310941,
160.917,0.00155803,
