"L1(No), created by Plot Digitizer, 2.6.8"
"Date: 17.10.17, 15:06:58"


6
No,L1
6.01586,0.0100892,
11.0182,0.00914718,
21.1246,0.00759573,
40.9653,0.00618459,
81.0907,0.00471544,
161.069,0.00324146,
