"L1(No), created by Plot Digitizer, 2.6.8"
"Date: 17.10.17, 15:07:24"


6
No,L1
6.02385,0.00849770,
11.0065,0.00851831,
21.0987,0.00833586,
41.0489,0.00826953,
80.9641,0.00830482,
160.607,0.00827240,
