"L1(no), created by Plot Digitizer, 2.6.8"
"Date: 17.10.17, 15:03:12"


6
no,L1
5.36781,0.110666,
9.34864,0.0124800,
16.5629,0.00258516,
31.9676,0.000283404,
64.2148,4.81617e-05,
129.139,1.14378e-05,
