"L1(no), created by Plot Digitizer, 2.6.8"
"Date: 17.10.17, 15:02:17"


6
no,L1
5.36781,0.0168743,
9.32732,0.00922996,
16.4875,0.00306325,
32.0407,0.000780779,
64.1415,0.000199950,
129.730,4.86179e-05,
