"no13(L1), created by Plot Digitizer, 2.6.8"
"Date: 17.10.17, 14:52:01"


6
L1,no13
20.9562,0.00244851,
51.8338,0.00257518,
84.9270,0.00215759,
118.951,0.00205741,
153.616,0.00204230,
188.748,0.00201832,
