"Y(X), created by Plot Digitizer, 2.6.8"
"Date: 17.10.17, 15:12:39"


6
X,Y
3.35741,0.318817,
6.40225,0.0461333,
11.5787,0.0129931,
22.3545,0.00307192,
41.8529,0.000473059,
80.5342,8.95693e-05,
