"Y(X), created by Plot Digitizer, 2.6.8"
"Date: 17.10.17, 15:13:59"


6
X,Y
3.35036,0.208499,
6.39468,0.0504579,
11.6315,0.0139373,
22.5584,0.00370381,
41.7903,0.00105144,
80.0330,0.000291633,
