"L1(No), created by Plot Digitizer, 2.6.8"
"Date: 17.10.17, 15:09:32"


6
No,L1
5.96698,0.0102208,
10.9304,0.00527333,
20.9658,0.00105712,
40.9660,0.000109535,
80.9490,2.28741e-05,
160.865,5.54060e-06,
