"L1(No), created by Plot Digitizer, 2.6.8"
"Date: 17.10.17, 15:10:02"


6
No,L1
5.95456,0.00524355,
10.9441,0.00366671,
20.9356,0.00278234,
40.8330,0.00256040,
80.9249,0.00251891,
160.013,0.00257169,
