"Y(X), created by Plot Digitizer, 2.6.8"
"Date: 17.10.17, 15:13:16"


6
X,Y
3.36271,0.119440,
6.39827,0.0140038,
11.6236,0.00486769,
22.4058,0.00304811,
41.9650,0.00267846,
80.3241,0.00254464,
