"L1(No), created by Plot Digitizer, 2.6.8"
"Date: 17.10.17, 15:10:39"


6
No,L1
5.97231,0.0231933,
10.9285,0.00926513,
20.9369,0.00226905,
40.8506,0.000625737,
81.0858,0.000161428,
160.583,4.10318e-05,
